,rows,fastshap,shap,Relative Difference
0,42,14.865275,156.72017,10.542702371802742
1,52,17.8445,190.479003,10.674381630194178
2,69,22.963678,246.311641,10.726140690528755
3,104,33.900087,340.979386,10.058363154053263
4,207,66.472387,615.961861,9.266432105108548
5,413,134.473356,1180.912197,8.781755971049018
6,826,263.764535,2267.366198,8.596175365274183
