,rows,fastshap,shap,Relative Difference
0,42,14.613302,128.482445,8.792156967672332
1,52,19.329075,156.859049,8.115186525997752
2,69,24.793513,203.432845,8.205083523258685
3,104,38.322548,290.756253,7.587080404987686
4,207,72.803328,515.27494,7.077628923776672
5,413,146.650822,979.442375,6.678737709359719
6,826,313.178935,1903.28117,6.077296258766573
