,rows,fastshap,shap,fastshap_times_std,shap_times_std,Relative Difference Per Row
0,150,0.2729936,5.5731461,0.019735359354214957,0.023402402566616916,20.414933170594473
1,300,0.5352023,11.2976911,0.05934058287386466,0.2702789037758773,21.10919758752905
2,450,0.8148111,17.5729267,0.07271539467189875,0.5862523779363372,21.56687200260281
3,600,1.0505286,23.3026525,0.027423343137553464,0.4522321822469627,22.181835411239636
4,750,1.4906819,30.064015700000006,0.12981958201477153,0.6657509461472889,20.16796185691931
